,Country Name,CountryCode,Region,Year,ARI treatment (% of children under 5 taken to a health provider),Births attended by skilled health staff (% of total),"Community health workers (per 1,000 people)",Current health expenditure (% of GDP),Current health expenditure per capita (current US$),Domestic general government health expenditure (% of current health expenditure),Domestic private health expenditure (% of current health expenditure),External health expenditure (% of current health expenditure),"Hospital beds (per 1,000 people)","Immunization, DPT (% of children ages 12-23 months)",Out-of-pocket expenditure (% of current health expenditure),Proportion of population pushed below the $2.15 ($ 2017 PPP) poverty line by out-of-pocket health care expenditure (%),Proportion of population pushed below the $3.65 ($ 2017 PPP) poverty line by out-of-pocket health care expenditure (%),Proportion of population spending more than 10% of household consumption or income on out-of-pocket health care expenditure (%),"Women making their own informed decisions regarding sexual relations, contraceptive use and reproductive health care (% of women age 15-49)"
0,Afghanistan,AFG,South Asia,2009,,,,9.81848717,43.26076889,5.41736698,72.7792511,21.8033886,0.42,63.0,72.77924347,,,,
1,Afghanistan,AFG,South Asia,2010,,34.3,,8.56967163,46.57987976,5.47462463,78.9966507,15.52872467,0.43,66.0,78.9966507,,,,
2,Afghanistan,AFG,South Asia,2011,60.5,38.6,,8.56190777,52.36304855,5.60622549,73.25517273,21.13860512,0.45,68.0,73.25517273,,,,
3,Afghanistan,AFG,South Asia,2012,,39.9,,7.89716864,52.61354065,4.34189463,74.48620605,21.17189598,0.47,67.0,74.48620605,,,,
4,Afghanistan,AFG,South Asia,2013,,,,8.80596447,56.30554199,5.03476191,72.04785919,22.91737556,0.46,64.0,72.04785919,4.4,3.56,14.63,
5,Afghanistan,AFG,South Asia,2014,,45.2,,9.52887821,60.18957901,4.96025801,73.05591583,21.98381996,0.46,62.0,73.05592346,,,,
6,Afghanistan,AFG,South Asia,2015,61.5,50.5,,10.10534763,60.05854034,5.1722393,78.38230133,16.44546318,0.44,64.0,78.3822937,,,,
7,Afghanistan,AFG,South Asia,2016,,,,11.81859016,61.48645782,5.0778451,75.97433472,18.94781876,0.45,66.0,75.97433472,,,23.84,
8,Afghanistan,AFG,South Asia,2017,,53.4,,12.62081718,66.90921783,5.09581852,75.48403931,19.42013359,0.42,66.0,75.48258209,,,,
9,Afghanistan,AFG,South Asia,2018,67.7,58.8,,14.20841885,71.33430481,3.88780427,76.37773132,19.73445702,0.4,72.0,76.22302246,,,,
10,Afghanistan,AFG,South Asia,2019,,,,14.83131981,74.23410797,3.35139465,76.81837463,19.83023643,0.38,72.0,76.818367,,,,
11,Afghanistan,AFG,South Asia,2020,,61.8,,15.53361416,80.28805542,7.63642311,76.23153687,16.13204002,0.34,70.0,74.81396484,6.05,6.37,26.08,
12,Afghanistan,AFG,South Asia,2021,,,,21.82794952,81.31976318,3.30272126,77.34925079,19.34802628,0.36,66.0,77.21405029,,,,
13,Afghanistan,AFG,South Asia,2022,,,,,,,,,,69.0,,,,,
14,Burkina Faso,BFA,Sub-Saharan Africa,2009,,,,5.08159161,30.68659401,32.30834961,36.71234512,30.97930145,,92.0,31.44069099,1.02,0.83,3.52,
15,Burkina Faso,BFA,Sub-Saharan Africa,2010,56.0,65.9,0.126,5.23958349,32.8663559,24.93154144,33.64440918,41.42404938,0.4,91.0,30.16873169,,,,20.3
16,Burkina Faso,BFA,Sub-Saharan Africa,2011,,,,4.64868164,33.8243866,28.9587841,38.41626358,32.62495041,,91.0,32.88170242,,,,
17,Burkina Faso,BFA,Sub-Saharan Africa,2012,,,0.127,4.60267258,33.78236771,23.12789345,38.6616478,38.21045685,,90.0,32.38356781,,,,
18,Burkina Faso,BFA,Sub-Saharan Africa,2013,,,,5.56331587,42.40937042,28.98208809,41.50682831,29.5110836,,88.0,33.53733063,,,,
19,Burkina Faso,BFA,Sub-Saharan Africa,2014,,,,5.00027227,38.37065506,32.53527451,43.8604393,23.60428619,,91.0,34.07847595,2.02,0.93,3.13,
20,Burkina Faso,BFA,Sub-Saharan Africa,2015,,79.8,,5.13192415,32.44025803,28.37508011,46.95412827,24.67079163,,91.0,36.02980042,,,,
21,Burkina Faso,BFA,Sub-Saharan Africa,2016,,,,5.96067238,39.64500427,40.0837326,36.43960953,23.47665787,,91.0,31.38309479,,,,
22,Burkina Faso,BFA,Sub-Saharan Africa,2017,,,,6.02490044,43.07155609,43.30178452,38.70117188,17.99704552,,91.0,31.67767906,,,,
23,Burkina Faso,BFA,Sub-Saharan Africa,2018,,,,5.0057807,39.00283813,42.50740814,42.30843353,15.18416309,,91.0,35.83074951,2.22,2.35,8.37,
24,Burkina Faso,BFA,Sub-Saharan Africa,2019,,,,5.31868935,41.07073212,41.813591,42.38819504,15.79821396,,91.0,34.69356155,,,,
25,Burkina Faso,BFA,Sub-Saharan Africa,2020,,,,6.50193262,54.17696762,43.45897293,38.38487625,18.15622139,0.2,91.0,34.64083481,,,,
26,Burkina Faso,BFA,Sub-Saharan Africa,2021,,,,6.37691164,56.95098114,42.81739426,39.09840012,18.08420944,,91.0,34.64732361,,,,
27,Burkina Faso,BFA,Sub-Saharan Africa,2022,,,,,,,,,,91.0,,,,,
28,Burundi,BDI,Sub-Saharan Africa,2009,,,,9.23238468,18.82117844,22.53801346,36.98011017,40.48187637,,94.0,35.45698547,,,,
29,Burundi,BDI,Sub-Saharan Africa,2010,54.7,60.3,,11.28196716,25.12049484,17.59703827,29.39211464,53.010849,,96.0,28.18636131,,,,49.0
30,Burundi,BDI,Sub-Saharan Africa,2011,,,,10.06996346,23.81056213,34.46959686,27.25948143,38.2709198,,96.0,25.47524261,,,,
31,Burundi,BDI,Sub-Saharan Africa,2012,54.1,78.4,,8.63756466,20.57489777,30.9056015,24.78526688,44.30913162,1.02,96.0,22.40234756,,,,
32,Burundi,BDI,Sub-Saharan Africa,2013,,,,8.62834644,20.8417263,17.85822868,22.82637978,59.31538773,0.73,96.0,20.86187553,1.4,0.58,3.29,
33,Burundi,BDI,Sub-Saharan Africa,2014,,,,7.21081543,18.59082222,38.64748383,33.33250427,28.02001381,0.71,95.0,31.00106621,,,,
34,Burundi,BDI,Sub-Saharan Africa,2015,,,,6.29022646,18.2036705,38.46514511,33.53721619,27.99764252,,94.0,31.20963097,,,,
35,Burundi,BDI,Sub-Saharan Africa,2016,,77.6,,7.06148243,19.16795921,31.66303062,30.43211365,37.90485764,,94.0,28.36751747,,,,
36,Burundi,BDI,Sub-Saharan Africa,2017,58.5,79.1,,6.95275736,19.77140808,28.96152306,31.09771919,39.94075775,,91.0,28.99659729,,,,40.3
37,Burundi,BDI,Sub-Saharan Africa,2018,,86.2,,7.29396152,19.27294159,28.20852852,28.72589684,43.06557465,,90.0,27.11566162,,,,
38,Burundi,BDI,Sub-Saharan Africa,2019,,98.6,,9.05010796,22.95755196,25.13971901,23.52999687,51.33028793,,93.0,22.21640587,,,,
39,Burundi,BDI,Sub-Saharan Africa,2020,,87.4,,10.71837234,27.07072449,20.14390373,23.26885605,56.58723831,,93.0,20.45733452,,,4.77,
40,Burundi,BDI,Sub-Saharan Africa,2021,,76.5,,9.10190964,24.26920891,24.47496986,28.80387688,46.72115326,,94.0,25.36169243,,,,
41,Burundi,BDI,Sub-Saharan Africa,2022,,,,,,,,,,91.0,,,,,
42,Central African Republic,CAF,Sub-Saharan Africa,2009,,43.7,0.393,4.81901121,21.82637405,15.19034481,50.45884323,34.35081482,,42.0,49.31325912,,,,
43,Central African Republic,CAF,Sub-Saharan Africa,2010,29.8,40.0,,3.56699872,16.40023994,16.17175674,60.92179489,22.90645218,,45.0,59.52026749,,,,
44,Central African Republic,CAF,Sub-Saharan Africa,2011,,,,3.67561865,18.9371357,11.30035496,59.82344055,28.87620544,1.0,47.0,58.58395386,,,,
45,Central African Republic,CAF,Sub-Saharan Africa,2012,,,,3.91814446,20.60425186,15.89074802,59.12965393,24.979599,,47.0,58.08099365,,,,
46,Central African Republic,CAF,Sub-Saharan Africa,2013,,,,4.76660204,16.78926849,20.62112236,46.24708557,33.13179016,,23.0,45.23834229,,,,
47,Central African Republic,CAF,Sub-Saharan Africa,2014,,,,4.56557369,18.02748299,15.57443905,47.39440155,37.03115845,,45.0,46.46343231,,,,
48,Central African Republic,CAF,Sub-Saharan Africa,2015,,,,5.03434181,17.71483231,9.05484867,49.54203415,41.40312195,,43.0,48.77671814,,,,
49,Central African Republic,CAF,Sub-Saharan Africa,2016,,,,5.44402313,20.25914001,11.0127058,56.16417313,32.82312393,,42.0,55.20955658,,,,
50,Central African Republic,CAF,Sub-Saharan Africa,2017,,,,6.66541576,27.64416504,10.93435097,57.60929489,31.45635605,,42.0,56.41589355,,,,
51,Central African Republic,CAF,Sub-Saharan Africa,2018,,,,10.99657822,49.17564392,6.26232672,42.36107635,51.37660217,,42.0,41.67272949,,,,
52,Central African Republic,CAF,Sub-Saharan Africa,2019,34.7,40.3,,7.76124763,33.9444313,10.55165577,61.55038834,27.89796257,,42.0,60.55822754,,,,
53,Central African Republic,CAF,Sub-Saharan Africa,2020,,,,8.98538017,40.11012268,13.59413528,50.50315857,35.90270233,,42.0,49.67550659,,,,
54,Central African Republic,CAF,Sub-Saharan Africa,2021,,,,9.06853294,42.92785645,13.94029903,49.78483582,36.27486038,,42.0,48.96758652,,,,
55,Central African Republic,CAF,Sub-Saharan Africa,2022,,,,,,,,,,42.0,,,,,
56,Chad,TCD,Sub-Saharan Africa,2009,,,,4.44166946,36.02885056,20.85106277,71.02245331,8.12647724,,25.0,65.01296997,,,,
57,Chad,TCD,Sub-Saharan Africa,2010,26.1,16.6,,4.06023312,36.498703,20.98161697,73.07261658,5.94576263,,39.0,67.58454132,,,,
58,Chad,TCD,Sub-Saharan Africa,2011,,,,3.91046357,38.68487549,21.09589958,66.15233612,12.75176048,,33.0,60.77016068,1.62,1.89,8.69,
59,Chad,TCD,Sub-Saharan Africa,2012,,,,3.8560791,37.49700546,24.55139542,64.61224365,10.83635712,,40.0,59.42821884,,,,
60,Chad,TCD,Sub-Saharan Africa,2013,,,,4.06645298,39.97917175,28.24672318,63.75331116,7.99996519,,39.0,58.6379509,,,,
61,Chad,TCD,Sub-Saharan Africa,2014,,,,4.27316904,43.6758728,28.53781509,60.58203506,10.88014603,,36.0,55.72120285,,,,
62,Chad,TCD,Sub-Saharan Africa,2015,25.8,24.3,,4.52395248,35.03440857,21.26423645,61.67253494,17.0632267,0.49,42.0,56.72420502,,,,27.1
63,Chad,TCD,Sub-Saharan Africa,2016,,,,4.73396969,33.10380936,17.37352562,59.95672989,22.66974258,,41.0,55.14606857,,,,
64,Chad,TCD,Sub-Saharan Africa,2017,,,,4.64740467,31.06099701,14.97930717,65.10282898,19.91786766,0.45,41.0,59.87926483,,,,
65,Chad,TCD,Sub-Saharan Africa,2018,,,,4.56768799,32.30886459,14.23211384,66.42906189,19.3388176,,46.0,64.376091,2.68,1.61,9.3,
66,Chad,TCD,Sub-Saharan Africa,2019,17.6,47.2,,4.59277868,31.30481529,15.21876431,65.69302368,19.08821869,,50.0,63.66061783,,,,
67,Chad,TCD,Sub-Saharan Africa,2020,,,,5.53655243,35.72977829,16.75219917,62.42750168,20.82029724,,52.0,60.54256439,,,,
68,Chad,TCD,Sub-Saharan Africa,2021,,,,5.19022274,35.63117981,17.29240417,60.64839172,22.05920601,,58.0,58.78679276,,,,
69,Chad,TCD,Sub-Saharan Africa,2022,,,,,,,,,,60.0,,,,,
70,Democratic Republic of Congo,COD,Sub-Saharan Africa,2009,,,,4.51133156,13.18276978,6.8586936,52.0141716,41.12713242,,71.0,45.41014099,,,,
71,Democratic Republic of Congo,COD,Sub-Saharan Africa,2010,40.3,74.1,,3.72224283,12.53950882,10.30625916,44.92355728,44.77018356,,60.0,37.0503006,,,,
72,Democratic Republic of Congo,COD,Sub-Saharan Africa,2011,,,,3.19435549,12.27988434,10.8527813,44.10102844,45.04618835,,70.0,38.82409668,,,,
73,Democratic Republic of Congo,COD,Sub-Saharan Africa,2012,,,,3.2215035,13.62572193,16.13481903,46.22848511,37.63668823,,71.0,40.27502823,1.18,0.44,4.82,
74,Democratic Republic of Congo,COD,Sub-Saharan Africa,2013,,,,3.34057522,15.86667633,13.97492123,45.87931061,40.14576721,,71.0,39.43297195,,,,
75,Democratic Republic of Congo,COD,Sub-Saharan Africa,2014,41.6,80.1,,3.72520614,18.79024887,13.8438139,45.96086121,40.19532776,,73.0,38.71640778,,,,30.7
76,Democratic Republic of Congo,COD,Sub-Saharan Africa,2015,,,,3.74785447,19.13417244,16.67854881,44.05062103,39.27082825,,70.0,37.42670822,,,,
77,Democratic Republic of Congo,COD,Sub-Saharan Africa,2016,,,,4.20027828,19.91032028,12.62530518,44.14630508,43.22838593,,70.0,37.29187775,,,,
78,Democratic Republic of Congo,COD,Sub-Saharan Africa,2017,,,,4.00057793,18.74936485,9.94900703,47.57791901,42.47307205,,71.0,40.12471771,,,,
79,Democratic Republic of Congo,COD,Sub-Saharan Africa,2018,34.2,85.2,,3.24127173,17.87852287,15.07837677,49.70476913,35.21685028,,71.0,41.61063766,,,,
80,Democratic Republic of Congo,COD,Sub-Saharan Africa,2019,,,,3.508039,19.85771751,15.81804085,45.35539246,38.82657242,,73.0,38.49700546,,,,
81,Democratic Republic of Congo,COD,Sub-Saharan Africa,2020,,,,4.05092573,21.25385666,16.06189919,46.45769119,37.48040771,,70.0,39.71793747,,,,
82,Democratic Republic of Congo,COD,Sub-Saharan Africa,2021,,,,3.7859261,22.32123756,16.76400948,45.7287941,37.50719833,,65.0,39.12869644,,,,
83,Democratic Republic of Congo,COD,Sub-Saharan Africa,2022,,,,,,,,,,65.0,,,,,
84,Eritrea,ERI,Sub-Saharan Africa,2009,,,,5.38878489,22.65766335,19.14518929,46.11646652,34.73834229,1.31,95.0,46.11647034,,,,
85,Eritrea,ERI,Sub-Saharan Africa,2010,44.8,34.1,,4.83844233,24.43300056,21.22438622,48.45648193,30.31912994,1.19,95.0,48.45648575,,,,
86,Eritrea,ERI,Sub-Saharan Africa,2011,,,,5.16795397,33.27035522,14.91714001,36.43447495,48.64838791,1.24,94.0,36.43447495,,,,
87,Eritrea,ERI,Sub-Saharan Africa,2012,,,,3.7449646,25.96233749,21.17957115,52.51751709,26.30291176,1.21,94.0,52.51751709,,,,
88,Eritrea,ERI,Sub-Saharan Africa,2013,,,,4.97097206,29.52669525,15.6886816,48.74490356,35.56641006,1.16,94.0,48.74490738,,,,
89,Eritrea,ERI,Sub-Saharan Africa,2014,,,,4.02524328,31.54170799,12.7732029,52.27241135,34.95438385,1.15,94.0,52.27241135,,,,
90,Eritrea,ERI,Sub-Saharan Africa,2015,,,,4.45034695,26.82466125,16.63834572,42.10213852,41.25951385,1.15,95.0,42.10213852,,,,
91,Eritrea,ERI,Sub-Saharan Africa,2016,,,,3.6608541,23.64590836,20.03576279,58.14766693,21.8165741,1.14,95.0,58.14766312,,,,
92,Eritrea,ERI,Sub-Saharan Africa,2017,,,,3.98912001,22.35861588,25.2525959,44.81046295,29.93693924,1.14,95.0,44.81046677,,,,
93,Eritrea,ERI,Sub-Saharan Africa,2018,,,,4.12701797,24.02440262,15.61161518,48.88093185,35.50745392,1.08,95.0,48.88093185,,,,
94,Eritrea,ERI,Sub-Saharan Africa,2019,,,,4.58734369,25.98394394,17.12012291,44.77917099,38.10070801,1.01,95.0,44.77917099,,,,
95,Eritrea,ERI,Sub-Saharan Africa,2020,,,,4.15886974,24.70353127,20.07405281,46.85018921,33.07575989,1.0,95.0,46.85018539,,,,
96,Eritrea,ERI,Sub-Saharan Africa,2021,,,,4.15077114,25.36040497,21.20282936,49.50627136,29.29089737,,95.0,49.50627518,,,,
97,Eritrea,ERI,Sub-Saharan Africa,2022,,,,,,,,,,95.0,,,,,
98,Ethiopia,ETH,Sub-Saharan Africa,2009,,,0.363,4.64983416,15.36375141,19.50622368,46.90293503,33.59083939,,58.0,41.53925705,,,,
99,Ethiopia,ETH,Sub-Saharan Africa,2010,,,,5.46637249,16.40672684,17.26854897,48.28907013,34.44238663,,61.0,42.29021072,,,,
100,Ethiopia,ETH,Sub-Saharan Africa,2011,27.0,10.0,,4.46897745,14.83500671,8.52936554,53.94320297,37.52743149,6.3,65.0,46.53789139,0.84,0.42,1.88,53.4
101,Ethiopia,ETH,Sub-Saharan Africa,2012,,,,4.5395956,20.28753662,23.4961834,48.55954742,27.94426346,,62.0,42.16745377,,,,
102,Ethiopia,ETH,Sub-Saharan Africa,2013,,23.1,,4.07506514,19.53577042,26.98538589,49.74310303,23.27151108,,59.0,42.40406799,,,,
103,Ethiopia,ETH,Sub-Saharan Africa,2014,,15.5,,4.03365517,21.90294838,17.72078896,58.84427261,23.43493462,,61.0,38.47408676,,,,
104,Ethiopia,ETH,Sub-Saharan Africa,2015,,,,3.82316828,23.53430557,25.25154305,56.48737717,18.26107597,0.3,63.0,36.74348068,0.86,1.01,2.12,
105,Ethiopia,ETH,Sub-Saharan Africa,2016,29.8,27.7,,3.60033751,24.67317772,24.99847794,54.76727676,20.23424911,0.33,66.0,35.43159103,,,,38.0
106,Ethiopia,ETH,Sub-Saharan Africa,2017,,,,3.45336914,24.51061249,24.93995667,39.70265579,35.35738373,,68.0,34.40161896,,,,
107,Ethiopia,ETH,Sub-Saharan Africa,2018,,,,3.30371761,23.84538269,23.19889832,40.65382385,36.14728546,,67.0,35.49158096,,,3.48,
108,Ethiopia,ETH,Sub-Saharan Africa,2019,,49.8,,3.23382378,26.22917175,22.60126495,43.24883652,34.14990616,,68.0,37.9252243,,,,
109,Ethiopia,ETH,Sub-Saharan Africa,2020,,,,3.48096275,28.69671059,28.23314095,37.31850815,34.44835281,,71.0,33.07913589,,,,
110,Ethiopia,ETH,Sub-Saharan Africa,2021,,,,3.20824432,26.47735214,30.52074814,41.17137909,28.30786896,,65.0,36.99786377,,,,
111,Ethiopia,ETH,Sub-Saharan Africa,2022,,,,,,,,,,65.0,,,,,
112,Gambia,GMB,Sub-Saharan Africa,2009,,,,4.46430683,34.4699173,20.28476715,22.4592514,57.25598145,1.1,98.0,17.00421524,,,,
113,Gambia,GMB,Sub-Saharan Africa,2010,68.8,56.1,,4.11944056,32.81699753,22.29020119,23.61208725,54.09770966,,97.0,18.03235817,0.42,0.38,0.61,
114,Gambia,GMB,Sub-Saharan Africa,2011,,,,4.36967373,30.82727623,23.88619232,24.36156464,51.75224304,1.1,96.0,19.22835732,,,,
115,Gambia,GMB,Sub-Saharan Africa,2012,,,,4.26872253,29.30704689,28.25725174,24.51768875,47.22505951,,98.0,19.44658852,,,,
116,Gambia,GMB,Sub-Saharan Africa,2013,68.0,57.2,,3.91374874,25.33724403,27.69123077,26.2942543,46.01451492,,97.0,20.90031433,,,,40.5
117,Gambia,GMB,Sub-Saharan Africa,2014,,,,3.05234575,17.14346313,35.78516769,36.22048569,27.99434471,1.04,96.0,26.8266964,,,,
118,Gambia,GMB,Sub-Saharan Africa,2015,,,,3.1761291,19.42744446,31.4310894,33.61744308,34.95146942,1.01,97.0,23.41558647,0.2,0.31,0.2,
119,Gambia,GMB,Sub-Saharan Africa,2016,,,,3.19523716,20.47114944,40.36533356,32.90965652,26.72500992,1.06,95.0,30.49933815,,,,
120,Gambia,GMB,Sub-Saharan Africa,2017,,,,3.35449266,21.2003746,31.62859535,31.68758965,36.683815,,92.0,26.66901207,,,,
121,Gambia,GMB,Sub-Saharan Africa,2018,53.2,82.7,,3.34384227,22.84936142,31.98107147,29.53679466,38.48213959,,93.0,22.43855858,,,,
122,Gambia,GMB,Sub-Saharan Africa,2019,,,,3.158566,22.83255005,41.18076706,31.71093178,27.10829735,0.94,88.0,20.21388626,,,,
123,Gambia,GMB,Sub-Saharan Africa,2020,70.3,83.8,,3.72824287,26.24802017,65.05052185,27.2722187,7.67725945,1.11,85.0,17.38969421,,,,19.5
124,Gambia,GMB,Sub-Saharan Africa,2021,,,,3.18962693,24.62883568,50.66082001,31.98589134,17.35328674,1.15,82.0,20.39666367,,,,
125,Gambia,GMB,Sub-Saharan Africa,2022,,,,,,,,,,79.0,,,,,
126,Guinea-Bissau,GNB,Sub-Saharan Africa,2009,,,,4.73428679,27.59508705,10.9842062,57.70223618,31.31355667,1.0,80.0,51.6293335,,,,
127,Guinea-Bissau,GNB,Sub-Saharan Africa,2010,52.1,43.0,,5.26704073,31.5948391,8.8868618,49.667099,41.44603729,,83.0,44.4398613,1.15,0.57,6.26,
128,Guinea-Bissau,GNB,Sub-Saharan Africa,2011,,,,6.21634817,44.70295334,7.02833176,40.03805161,52.93362045,,86.0,35.82422256,,,,
129,Guinea-Bissau,GNB,Sub-Saharan Africa,2012,,,,5.94134808,37.72527695,8.49044514,63.29792404,28.2116375,,87.0,58.73207855,,,,
130,Guinea-Bissau,GNB,Sub-Saharan Africa,2013,,,,7.03943443,46.01106644,7.83588552,68.0993042,24.06480789,,87.0,64.34107971,,,,
131,Guinea-Bissau,GNB,Sub-Saharan Africa,2014,34.3,45.0,,9.96897411,64.91837311,5.98356056,57.94044113,36.07600021,,86.0,55.38848114,,,,
132,Guinea-Bissau,GNB,Sub-Saharan Africa,2015,,,,8.13228226,52.38645935,6.613132,69.92347717,23.46339226,,86.0,66.92208862,,,,
133,Guinea-Bissau,GNB,Sub-Saharan Africa,2016,,,,8.32881451,56.52604294,5.81887054,67.4863739,26.69475555,,85.0,64.58337402,,,,
134,Guinea-Bissau,GNB,Sub-Saharan Africa,2017,,,,7.00049543,54.74217224,7.11933374,71.71472168,21.16594315,,79.0,68.41368103,,,,
135,Guinea-Bissau,GNB,Sub-Saharan Africa,2018,,,,7.28130722,58.78644943,6.93932724,70.1144104,22.94626427,,82.0,66.98838806,1.93,1.94,5.05,
136,Guinea-Bissau,GNB,Sub-Saharan Africa,2019,47.6,53.8,,7.16052532,54.0177002,6.40707111,73.03073883,20.56219292,,78.0,69.48217773,,,,
137,Guinea-Bissau,GNB,Sub-Saharan Africa,2020,,,,9.02139282,68.04572296,13.30711365,59.23788452,27.45499802,,74.0,56.43703079,,,,
138,Guinea-Bissau,GNB,Sub-Saharan Africa,2021,,,,8.2233429,68.81868744,13.81995392,62.94657135,23.23347855,,67.0,59.9703598,,,,
139,Guinea-Bissau,GNB,Sub-Saharan Africa,2022,,,,,,,,,,74.0,,,,,
140,North Korea,PRK,East Asia & Pacific,2009,79.8,100.0,,,,,,,,93.0,,,,,
141,North Korea,PRK,East Asia & Pacific,2010,,,,,,,,,14.3,93.0,,,,,
142,North Korea,PRK,East Asia & Pacific,2011,,,,,,,,,,94.0,,,,,
143,North Korea,PRK,East Asia & Pacific,2012,,,,,,,,,13.2,96.0,,,,,
144,North Korea,PRK,East Asia & Pacific,2013,,,,,,,,,,93.0,,,,,
145,North Korea,PRK,East Asia & Pacific,2014,,,,,,,,,,93.0,,,,,
146,North Korea,PRK,East Asia & Pacific,2015,,,,,,,,,,96.0,,,,,
147,North Korea,PRK,East Asia & Pacific,2016,,,,,,,,,,96.0,,,,,
148,North Korea,PRK,East Asia & Pacific,2017,85.6,99.5,,,,,,,,97.0,,,,,
149,North Korea,PRK,East Asia & Pacific,2018,,,,,,,,,,97.0,,,,,
150,North Korea,PRK,East Asia & Pacific,2019,,,,,,,,,,97.0,,,,,
151,North Korea,PRK,East Asia & Pacific,2020,,,,,,,,,,97.0,,,,,
152,North Korea,PRK,East Asia & Pacific,2021,,,,,,,,,,41.0,,,,,
153,North Korea,PRK,East Asia & Pacific,2022,,,,,,,,,,0.0,,,,,
154,Liberia,LBR,Sub-Saharan Africa,2009,,,,11.57163811,52.30115128,10.35317326,52.60827255,37.03855515,0.7,81.0,49.68375015,,,,
155,Liberia,LBR,Sub-Saharan Africa,2010,,,0.061,10.35444641,50.63946533,12.29618359,56.37090683,31.33291245,0.8,70.0,53.41116333,,,,
156,Liberia,LBR,Sub-Saharan Africa,2011,,,,9.71052551,54.34541321,15.63554859,50.56223297,33.80221939,,77.0,47.42193222,,,,
157,Liberia,LBR,Sub-Saharan Africa,2012,,,,8.15444565,50.35652542,19.01746559,49.21627045,31.76626587,,80.0,45.54619217,,,,
158,Liberia,LBR,Sub-Saharan Africa,2013,50.7,61.1,,7.09007835,48.74785614,4.83034563,43.45730591,51.71234894,,80.0,39.39292526,,,,67.2
159,Liberia,LBR,Sub-Saharan Africa,2014,,,,8.77403069,59.98974228,9.38659096,52.09183884,38.5215683,,63.0,48.88152313,6.74,5.28,22.33,
160,Liberia,LBR,Sub-Saharan Africa,2015,,,,10.46927643,70.18363953,11.50230694,53.72969055,34.76800156,,65.0,45.55855942,,,,
161,Liberia,LBR,Sub-Saharan Africa,2016,,,,9.90062618,68.4992981,14.0714283,55.32456589,30.60400581,0.63,73.0,46.68182373,2.45,1.96,6.75,
162,Liberia,LBR,Sub-Saharan Africa,2017,,,,10.47271252,72.50897217,13.24830627,54.78058624,31.9711113,,80.0,46.16778946,,,,
163,Liberia,LBR,Sub-Saharan Africa,2018,,,,10.35222721,69.10813904,16.29847336,54.1660881,29.53543854,1.64,80.0,45.58655167,,,,
164,Liberia,LBR,Sub-Saharan Africa,2019,,,,8.42100334,52.02645493,16.10596466,59.33453369,24.55949783,,70.0,54.42869186,,,,
165,Liberia,LBR,Sub-Saharan Africa,2020,78.4,84.4,,16.96832657,101.2913055,5.47854662,80.78565979,13.73579216,,65.0,26.26482391,,,,58.8
166,Liberia,LBR,Sub-Saharan Africa,2021,,,,16.6163311,112.2704468,6.53418064,75.92010498,17.54570961,1.59,66.0,24.67733574,,,,
167,Liberia,LBR,Sub-Saharan Africa,2022,,,,,,,,,,78.0,,,,,
168,Madagascar,MDG,Sub-Saharan Africa,2009,42.0,43.9,,4.38469839,19.96823883,29.81909943,45.45381165,24.72708511,,77.0,37.6555481,,,,73.6
169,Madagascar,MDG,Sub-Saharan Africa,2010,,,,4.69762659,21.57974052,39.76140213,44.44105911,15.7975378,0.34,70.0,36.15040588,0.41,0.2,1.64,
170,Madagascar,MDG,Sub-Saharan Africa,2011,,,,4.521595,23.37224197,37.11377335,36.7665863,26.11964035,0.32,73.0,27.97330856,,,,
171,Madagascar,MDG,Sub-Saharan Africa,2012,,,,3.9110589,19.71853828,38.09178162,42.71012878,19.1980896,,68.0,32.48873138,0.45,0.29,2.87,
172,Madagascar,MDG,Sub-Saharan Africa,2013,40.5,44.3,,3.75156283,19.75903702,34.7657547,44.94179153,20.29245567,0.33,70.0,35.58833694,,,,
173,Madagascar,MDG,Sub-Saharan Africa,2014,,,,4.46240282,23.07670021,39.17490768,35.87094116,24.95414925,0.32,68.0,28.16691399,,,,
174,Madagascar,MDG,Sub-Saharan Africa,2015,,,,5.0062542,22.81040573,39.75247574,32.04604721,28.20148087,,62.0,25.1729393,,,,
175,Madagascar,MDG,Sub-Saharan Africa,2016,,,,5.33248854,24.77560616,44.48103333,29.45782852,26.06113815,,68.0,23.05756378,,,,
176,Madagascar,MDG,Sub-Saharan Africa,2017,,,,4.80225992,24.17928314,46.77279663,30.29995346,22.92724419,,65.0,25.63452339,,,,
177,Madagascar,MDG,Sub-Saharan Africa,2018,40.4,46.1,,4.22846937,21.67276382,35.55943298,34.60900116,29.83156395,,74.0,29.28008461,,,,
178,Madagascar,MDG,Sub-Saharan Africa,2019,,,,3.10129309,15.88729572,22.01306152,39.79958725,38.18735504,,70.0,34.22468185,,,,
179,Madagascar,MDG,Sub-Saharan Africa,2020,,,,3.72316122,17.21605492,18.52955818,35.8677063,45.6027298,,68.0,30.93841553,,,,
180,Madagascar,MDG,Sub-Saharan Africa,2021,,45.8,,3.5045228,17.64008904,21.03363609,38.51412964,40.45223236,,57.0,32.71157837,,,,72.0
181,Madagascar,MDG,Sub-Saharan Africa,2022,,,,,,,,,,57.0,,,,,
182,Malawi,MWI,Sub-Saharan Africa,2009,,,,5.87333822,35.80582047,17.97539139,19.90061188,62.12399673,,93.0,11.23561096,,,,
183,Malawi,MWI,Sub-Saharan Africa,2010,70.3,71.4,,5.14304781,34.2412796,22.00963974,15.22517681,62.76517868,,93.0,10.92772293,0.59,0.35,1.64,42.2
184,Malawi,MWI,Sub-Saharan Africa,2011,,,,5.32226658,39.60096741,21.6523304,13.92924118,64.41842651,1.3,97.0,8.96164322,,,,
185,Malawi,MWI,Sub-Saharan Africa,2012,,,,6.02199793,32.80570221,15.88224602,13.32955742,70.78819275,,96.0,10.24162579,,,,
186,Malawi,MWI,Sub-Saharan Africa,2013,,,,8.22379494,39.87806702,18.02148628,13.72673702,68.25177765,,89.0,6.70596313,0.55,0.33,6.62,
187,Malawi,MWI,Sub-Saharan Africa,2014,68.2,87.4,,6.89776182,35.64556885,22.73353958,14.23048496,63.03597641,,91.0,8.18288803,,,,
188,Malawi,MWI,Sub-Saharan Africa,2015,,,,6.62879086,35.27587891,28.64990425,17.84918785,53.5009079,,88.0,10.9818964,,,,
189,Malawi,MWI,Sub-Saharan Africa,2016,77.2,89.8,,7.72703791,34.32816696,24.73157692,21.55489731,53.71352768,,84.0,12.41495895,,,,44.7
190,Malawi,MWI,Sub-Saharan Africa,2017,,,,7.58438921,37.93450165,22.66757011,17.47722816,59.85520554,,88.0,12.69519043,,,,
191,Malawi,MWI,Sub-Saharan Africa,2018,,,,6.87366676,36.97562408,24.44002914,18.12243652,57.43753433,,92.0,12.8176527,,,,
192,Malawi,MWI,Sub-Saharan Africa,2019,,,,7.15010023,41.78248596,23.41406059,17.24943542,59.33650589,,95.0,12.19738483,0.87,0.19,2.91,
193,Malawi,MWI,Sub-Saharan Africa,2020,71.1,96.4,,7.0088768,42.5414238,22.28953171,22.23474312,55.47572327,,94.0,15.79892921,,,,
194,Malawi,MWI,Sub-Saharan Africa,2021,,,,7.41194487,46.55551147,18.3855381,19.87660027,61.73786163,,93.0,14.1083765,,,,
195,Malawi,MWI,Sub-Saharan Africa,2022,,,,,,,,,,86.0,,,,,
196,Mali,MLI,Sub-Saharan Africa,2009,,,0.008,5.2122364,35.57579422,12.771595,63.67960739,23.5487957,0.2,73.0,61.83541489,2.14,0.83,4.41,
197,Mali,MLI,Sub-Saharan Africa,2010,36.2,28.1,0.007,4.67865133,32.20446396,14.29752636,58.35007477,27.35239983,0.25,73.0,56.26623917,,,,
198,Mali,MLI,Sub-Saharan Africa,2011,,,,4.01483774,32.52751923,15.06325722,52.39247513,32.54426956,0.25,66.0,50.00261307,1.84,1.2,2.56,
199,Mali,MLI,Sub-Saharan Africa,2012,,,,3.7521615,28.26848984,11.0209074,47.31335831,41.66573715,0.23,65.0,44.74382782,,,,
200,Mali,MLI,Sub-Saharan Africa,2013,26.7,58.6,,3.96750712,30.89883041,20.56299591,37.36685562,42.07015228,0.23,64.0,34.81934357,,,,6.5
201,Mali,MLI,Sub-Saharan Africa,2014,,,,4.48158312,36.67969894,19.89782524,35.75758362,44.34458923,0.25,66.0,33.55117416,,,3.46,
202,Mali,MLI,Sub-Saharan Africa,2015,23.0,43.7,,4.11143351,29.7465477,22.35896111,36.325634,41.31540298,0.26,71.0,34.17124557,2.31,0.97,2.13,
203,Mali,MLI,Sub-Saharan Africa,2016,,,,3.77377558,28.3053112,32.03073883,37.74137878,30.22788048,0.23,76.0,35.75055695,,,1.95,
204,Mali,MLI,Sub-Saharan Africa,2017,,,,3.67425752,29.23488998,32.04769135,39.32704544,28.62526512,0.23,77.0,37.50244141,,,1.51,
205,Mali,MLI,Sub-Saharan Africa,2018,34.7,67.3,,3.73249912,31.96352005,30.84214401,34.16210556,34.99575043,0.25,77.0,32.55354309,,,2.06,5.3
206,Mali,MLI,Sub-Saharan Africa,2019,,,,3.82943797,32.17400742,29.22816658,54.79129791,15.98053455,,77.0,31.07923317,,,1.8,
207,Mali,MLI,Sub-Saharan Africa,2020,,,,3.47597885,28.85294724,40.00576401,53.76226044,6.23197651,,70.0,44.73706055,,,,
208,Mali,MLI,Sub-Saharan Africa,2021,,,,4.47341442,40.1202507,29.33131599,41.00059509,29.66808701,,77.0,34.0938797,,,1.7,
209,Mali,MLI,Sub-Saharan Africa,2022,,,,,,,,,,77.0,,,,,
210,Mozambique,MOZ,Sub-Saharan Africa,2009,,,,5.20390034,27.63411713,25.23112679,9.57833767,65.1905365,0.84,74.0,8.2377615,,,,
211,Mozambique,MOZ,Sub-Saharan Africa,2010,,,,5.43892908,26.17583847,23.49941826,8.49968624,68.00089264,0.85,74.0,7.1121192,,,,
212,Mozambique,MOZ,Sub-Saharan Africa,2011,50.2,54.3,,5.00311899,30.28253746,25.5083828,8.34747982,66.14413452,0.84,78.0,6.71953869,,,,49.1
213,Mozambique,MOZ,Sub-Saharan Africa,2012,,,0.047,5.24640608,35.03115845,24.03585434,17.5775013,58.38664246,0.85,81.0,5.5548296,,,,
214,Mozambique,MOZ,Sub-Saharan Africa,2013,,,0.045,6.12585449,41.17826843,24.78886986,16.64415741,58.56697083,0.8,85.0,8.01625633,,,,
215,Mozambique,MOZ,Sub-Saharan Africa,2014,,,,6.33251858,43.08488846,27.48966789,18.54088211,53.9694519,0.8,88.0,10.42437363,0.49,0.24,1.61,
216,Mozambique,MOZ,Sub-Saharan Africa,2015,56.5,73.0,,6.71663332,39.91206741,27.03023148,18.28590393,54.68386459,0.78,88.0,11.26148605,,,,
217,Mozambique,MOZ,Sub-Saharan Africa,2016,,,,7.28134441,31.38208961,23.92681694,17.02968597,59.04349899,0.78,88.0,10.55004883,,,,
218,Mozambique,MOZ,Sub-Saharan Africa,2017,,,,7.83763266,36.26471329,22.23585129,15.69281483,62.07133865,0.76,88.0,9.67307854,,,,
219,Mozambique,MOZ,Sub-Saharan Africa,2018,,,,8.0889616,40.8117218,22.339571,15.32885265,62.3315773,0.76,88.0,9.49615574,,,,
220,Mozambique,MOZ,Sub-Saharan Africa,2019,,,,7.95272589,40.41284943,23.14440155,15.45444489,61.40115356,0.71,88.0,9.52183342,,,3.58,
221,Mozambique,MOZ,Sub-Saharan Africa,2020,,,,7.56957626,34.37060928,31.66282845,16.3225708,52.01459885,0.7,79.0,10.08967018,,,,
222,Mozambique,MOZ,Sub-Saharan Africa,2021,,,,9.05218315,44.52215576,28.39583206,14.08927536,57.51488876,0.73,61.0,8.87722778,,,,
223,Mozambique,MOZ,Sub-Saharan Africa,2022,,,,,,,,,,61.0,,,,,
224,Niger,NER,Sub-Saharan Africa,2009,,,,5.33850145,24.40502357,28.80542183,59.23456192,11.96001339,,71.0,53.66799545,,,,
225,Niger,NER,Sub-Saharan Africa,2010,,,,4.96100473,23.33815765,26.44500732,61.24464417,12.31034565,0.35,70.0,55.53378677,,,,
226,Niger,NER,Sub-Saharan Africa,2011,,,,4.87323856,24.68768311,26.10781479,63.15813065,10.7340517,,75.0,57.73744583,3.08,1.0,6.63,
227,Niger,NER,Sub-Saharan Africa,2012,53.1,29.3,,4.30732679,22.56604767,24.14341927,62.68271637,13.17387104,0.44,71.0,60.80649567,,,,7.3
228,Niger,NER,Sub-Saharan Africa,2013,,,,4.46636009,24.43749619,30.01208878,58.13817215,11.84974003,0.32,73.0,56.5436821,,,,
229,Niger,NER,Sub-Saharan Africa,2014,,,,4.45377159,24.89271736,28.67515373,58.06819916,13.25664997,0.29,81.0,54.67353821,,,,
230,Niger,NER,Sub-Saharan Africa,2015,59.3,39.7,,5.34745932,25.72568893,20.7880249,54.6564827,24.55548859,0.26,84.0,51.68564987,,,,
231,Niger,NER,Sub-Saharan Africa,2016,,39.1,,4.53239059,22.42886543,24.28881836,60.9499855,14.76120186,0.3,80.0,58.51040268,,,,
232,Niger,NER,Sub-Saharan Africa,2017,,,,5.57609606,28.69141388,33.80760956,51.71551132,14.47688198,0.18,85.0,48.3137207,,,,
233,Niger,NER,Sub-Saharan Africa,2018,,,,5.30310822,30.08619118,33.3120842,54.87833023,11.80958366,0.24,79.0,48.96118927,2.58,1.21,6.52,
234,Niger,NER,Sub-Saharan Africa,2019,,,,5.66642094,31.21994209,35.69034195,49.06087875,15.24877357,0.29,81.0,46.09529114,,,,
235,Niger,NER,Sub-Saharan Africa,2020,,,,6.17012262,34.85019302,37.49778366,46.76221085,15.74001217,0.27,81.0,43.54859924,,,,
236,Niger,NER,Sub-Saharan Africa,2021,,43.7,,5.81452751,34.34204865,36.49679565,49.20999527,14.29320717,,82.0,42.52769852,,,,
237,Niger,NER,Sub-Saharan Africa,2022,,,,,,,,,,84.0,,,,,
238,Rwanda,RWA,Sub-Saharan Africa,2009,,,,7.80694866,44.08419418,24.10978508,22.9703083,52.91990662,0.75,97.0,11.37705517,,,,
239,Rwanda,RWA,Sub-Saharan Africa,2010,,69.0,,8.08696938,48.02530289,25.22313118,22.84549332,51.93137741,0.74,97.0,11.0873909,,,,60.1
240,Rwanda,RWA,Sub-Saharan Africa,2011,50.2,69.0,,7.93879843,51.65081787,27.69262123,22.88555908,49.42181396,0.72,97.0,10.79211998,,,,
241,Rwanda,RWA,Sub-Saharan Africa,2012,,,,8.10667801,57.216465,25.35917282,21.30692482,53.33390427,0.71,98.0,10.17707443,,,,
242,Rwanda,RWA,Sub-Saharan Africa,2013,,,,6.77649164,47.7094574,32.06929779,23.67443848,44.25626373,0.77,98.0,12.30982971,0.51,0.24,1.63,
243,Rwanda,RWA,Sub-Saharan Africa,2014,,,,6.98844194,50.62351608,31.39990044,21.512537,47.08756256,0.71,98.0,12.07820892,,,,
244,Rwanda,RWA,Sub-Saharan Africa,2015,53.9,90.7,,6.65446424,48.80509567,31.6441555,26.16271019,42.19313431,0.74,98.0,12.18094063,,,,69.5
245,Rwanda,RWA,Sub-Saharan Africa,2016,,,,6.96060848,50.70415497,32.09072113,24.64941978,43.25985718,0.73,98.0,11.36179352,0.5,0.21,1.15,
246,Rwanda,RWA,Sub-Saharan Africa,2017,,,,6.38999748,48.34190369,34.8804512,25.78299713,39.33655167,0.72,98.0,11.81888771,,,,
247,Rwanda,RWA,Sub-Saharan Africa,2018,,,,6.69894743,51.54394531,34.95684433,25.87659073,39.16656494,0.72,97.0,11.8659668,,,,
248,Rwanda,RWA,Sub-Saharan Africa,2019,,,,6.34386826,51.18757629,39.66534805,26.95556068,33.37908936,0.72,98.0,12.1073637,,,,
249,Rwanda,RWA,Sub-Saharan Africa,2020,,94.2,,7.47530079,57.91234207,40.43887329,23.77607918,35.78504944,0.74,91.0,10.27080822,,,,61.3
250,Rwanda,RWA,Sub-Saharan Africa,2021,,,,7.32305002,60.2185936,40.8235054,23.32616425,35.85033035,,88.0,10.13342953,,,,
251,Rwanda,RWA,Sub-Saharan Africa,2022,,,,,,,,,,98.0,,,,,
252,Sierra Leone,SLE,Sub-Saharan Africa,2009,,,,9.68422222,37.96392822,10.11566544,65.93405914,23.95027351,,84.0,65.43760681,,,,
253,Sierra Leone,SLE,Sub-Saharan Africa,2010,73.7,60.8,0.023,9.12688351,36.55500031,14.43241596,56.68533325,28.88224411,,86.0,56.25852203,,,,
254,Sierra Leone,SLE,Sub-Saharan Africa,2011,,,,10.76753807,47.91463089,10.69332123,60.72132492,28.58535385,,89.0,60.26411819,9.37,6.58,37.09,
255,Sierra Leone,SLE,Sub-Saharan Africa,2012,,,,8.94355106,50.08378601,10.8063612,68.32346344,20.87017632,,91.0,67.80901337,,,,
256,Sierra Leone,SLE,Sub-Saharan Africa,2013,71.7,59.7,,11.59017754,81.8790741,6.95602989,63.25536728,29.78859711,,92.0,62.77908325,,,,40.2
257,Sierra Leone,SLE,Sub-Saharan Africa,2014,,,,19.69004631,138.2906494,6.7925539,40.41848373,52.78896713,,83.0,35.03469467,,,,
258,Sierra Leone,SLE,Sub-Saharan Africa,2015,,,,19.65816307,114.1648254,6.54666138,40.99353027,52.45980835,,86.0,35.59750748,,,,
259,Sierra Leone,SLE,Sub-Saharan Africa,2016,,,,15.78850651,81.37689209,6.57119513,50.20306778,43.22573471,,84.0,43.49287415,,,,
260,Sierra Leone,SLE,Sub-Saharan Africa,2017,73.8,81.6,,9.3997612,45.5368042,9.05301762,56.18978882,34.75718689,,90.0,54.49611282,,,,
261,Sierra Leone,SLE,Sub-Saharan Africa,2018,,,,8.28987598,43.07834244,9.27250576,61.85616684,28.87133408,,93.0,60.98888779,4.19,3.36,16.4,
262,Sierra Leone,SLE,Sub-Saharan Africa,2019,75.8,86.9,,9.12992668,46.25284195,13.61179066,54.20046234,32.18774796,,95.0,52.88983917,,,,27.8
263,Sierra Leone,SLE,Sub-Saharan Africa,2020,,,,9.32588673,46.01692963,14.62678528,53.46459198,31.90862083,,91.0,52.34044266,,,,
264,Sierra Leone,SLE,Sub-Saharan Africa,2021,,,,8.55334282,43.1619873,22.63207436,51.69986725,25.66805458,,92.0,51.40983582,,,,
265,Sierra Leone,SLE,Sub-Saharan Africa,2022,,,,,,,,,,91.0,,,,,
266,Somalia,SOM,Sub-Saharan Africa,2009,,,,,,,,,,42.0,,,,,
267,Somalia,SOM,Sub-Saharan Africa,2010,,,,,,,,,,45.0,,,,,
268,Somalia,SOM,Sub-Saharan Africa,2011,,,,,,,,,,41.0,,,,,
269,Somalia,SOM,Sub-Saharan Africa,2012,,,,,,,,,,42.0,,,,,
270,Somalia,SOM,Sub-Saharan Africa,2013,,,,,,,,,0.87,42.0,,,,,
271,Somalia,SOM,Sub-Saharan Africa,2014,,,,,,,,,0.87,42.0,,,,,
272,Somalia,SOM,Sub-Saharan Africa,2015,,,,,,,,,0.87,42.0,,,,,
273,Somalia,SOM,Sub-Saharan Africa,2016,,,,,,,,,0.87,42.0,,0.28,0.1,0.55,
274,Somalia,SOM,Sub-Saharan Africa,2017,,,,,,,,,0.87,42.0,,0.18,0.04,0.13,
275,Somalia,SOM,Sub-Saharan Africa,2018,,,,,,,,,0.87,42.0,,,,,
276,Somalia,SOM,Sub-Saharan Africa,2019,22.5,31.9,,,,,,,0.87,42.0,,,,,
277,Somalia,SOM,Sub-Saharan Africa,2020,,,,,,,,,,42.0,,,,,
278,Somalia,SOM,Sub-Saharan Africa,2021,,,,,,,,,,42.0,,,,,
279,Somalia,SOM,Sub-Saharan Africa,2022,,,,,,,,,,42.0,,,,,
280,South Sudan,SSD,Sub-Saharan Africa,2009,,,,,,,,,,,,1.7,1.38,9.21,
281,South Sudan,SSD,Sub-Saharan Africa,2010,47.6,19.4,,,,,,,,,,,,,
282,South Sudan,SSD,Sub-Saharan Africa,2011,,,,,,,,,,61.0,,,,,
283,South Sudan,SSD,Sub-Saharan Africa,2012,,,,,,,,,,63.0,,,,,
284,South Sudan,SSD,Sub-Saharan Africa,2013,,,,,,,,,,53.0,,,,,
285,South Sudan,SSD,Sub-Saharan Africa,2014,,,,,,,,,,50.0,,,,,
286,South Sudan,SSD,Sub-Saharan Africa,2015,,,,,,,,,,46.0,,,,,
287,South Sudan,SSD,Sub-Saharan Africa,2016,,,,,,,,,,45.0,,1.88,1.03,11.71,
288,South Sudan,SSD,Sub-Saharan Africa,2017,,,,15.9569149,27.0063858,8.44199562,23.44076538,68.11724091,,52.0,19.19281387,,,,
289,South Sudan,SSD,Sub-Saharan Africa,2018,,,,10.05615997,30.23945427,10.1771431,31.51851845,58.30434036,,59.0,25.75857735,,,,
290,South Sudan,SSD,Sub-Saharan Africa,2019,,,,9.03740788,34.9889183,11.16941357,51.17129517,37.65929413,,61.0,42.32470322,,,,
291,South Sudan,SSD,Sub-Saharan Africa,2020,,39.7,,9.44806385,47.67607498,7.70280552,47.97896576,44.31822968,,67.0,39.66345978,,,,
292,South Sudan,SSD,Sub-Saharan Africa,2021,,,,5.86061621,32.67995834,15.86570835,34.29764557,49.83664703,,69.0,27.40943527,,,,
293,South Sudan,SSD,Sub-Saharan Africa,2022,,,,,,,,,,73.0,,,,,
294,Sudan,SDN,Sub-Saharan Africa,2009,,,,6.39496326,83.10632324,41.11616135,55.22544479,3.65839458,0.73,81.0,52.47582245,3.19,4.55,18.36,
295,Sudan,SDN,Sub-Saharan Africa,2010,55.8,72.5,,5.05810165,76.49365234,32.54711533,64.43519592,3.01768994,0.72,90.0,61.31344604,,,,
296,Sudan,SDN,Sub-Saharan Africa,2011,,,,5.61579561,83.55038452,22.84302902,69.23600769,7.9209609,0.84,93.0,65.93135071,,,,
297,Sudan,SDN,Sub-Saharan Africa,2012,,,,5.68827009,79.18972778,26.2535038,69.45655823,4.28994083,0.82,92.0,65.45468903,,,,
298,Sudan,SDN,Sub-Saharan Africa,2013,,,,6.96487474,102.3559113,16.53942871,78.45028687,5.01028585,0.82,93.0,74.83428192,,,,
299,Sudan,SDN,Sub-Saharan Africa,2014,48.3,77.7,,5.67619705,93.15203094,25.27283669,71.0333786,3.69378376,0.8,94.0,67.03178406,2.25,4.86,12.46,
300,Sudan,SDN,Sub-Saharan Africa,2015,,,,5.81112576,98.24565125,14.19444275,83.78509521,2.02046776,0.67,93.0,79.40106964,,,,
301,Sudan,SDN,Sub-Saharan Africa,2016,,,,5.68438482,93.67060852,22.69012833,75.34825134,1.96161723,0.67,93.0,71.1858902,,,,
302,Sudan,SDN,Sub-Saharan Africa,2017,,,,5.91767406,71.14331818,18.02452278,76.59540558,5.38007069,0.74,95.0,72.54642487,,,,
303,Sudan,SDN,Sub-Saharan Africa,2018,,,,4.46358299,35.53091431,23.28133202,70.31276703,6.40590143,0.66,93.0,66.95339966,,,,
304,Sudan,SDN,Sub-Saharan Africa,2019,,,,4.57422638,35.51281357,22.7021122,70.75403595,6.54384565,0.66,93.0,67.37359619,,,,
305,Sudan,SDN,Sub-Saharan Africa,2020,,,,3.01518917,23.34439278,34.17627716,58.92655563,6.89716196,0.66,90.0,52.96360779,,,,
306,Sudan,SDN,Sub-Saharan Africa,2021,,,,2.83633852,21.58010864,27.04865837,62.5420723,10.40927315,,84.0,56.85788345,,,,
307,Sudan,SDN,Sub-Saharan Africa,2022,,,,,,,,,,84.0,,,,,
308,Syrian Arab Republic,SYR,Middle East & North Africa,2009,,96.2,,3.5464704,87.92034149,44.86792755,54.00245285,1.12962019,1.51,80.0,54.0,,,,
309,Syrian Arab Republic,SYR,Middle East & North Africa,2010,,,,3.2764473,88.68951416,44.79367065,54.00362015,1.20271111,1.54,80.0,54.0,,,,
310,Syrian Arab Republic,SYR,Middle East & North Africa,2011,,,,2.52865291,74.85932159,45.19852448,53.38386917,1.41760838,1.55,72.0,53.36600494,,,,
311,Syrian Arab Republic,SYR,Middle East & North Africa,2012,,,,3.04719615,63.13696671,45.28663635,53.68985748,1.02350354,1.53,45.0,53.6898613,,,,
312,Syrian Arab Republic,SYR,Middle East & North Africa,2013,,,,,,,,,1.52,41.0,,,,,
313,Syrian Arab Republic,SYR,Middle East & North Africa,2014,,,,,,,,,1.5,43.0,,,,,
314,Syrian Arab Republic,SYR,Middle East & North Africa,2015,,,,,,,,,1.47,41.0,,,,,
315,Syrian Arab Republic,SYR,Middle East & North Africa,2016,,,,,,,,,1.46,42.0,,,,,
316,Syrian Arab Republic,SYR,Middle East & North Africa,2017,,,,,,,,,1.4,48.0,,,,,
317,Syrian Arab Republic,SYR,Middle East & North Africa,2018,,,,,,,,,1.26,47.0,,,,,
318,Syrian Arab Republic,SYR,Middle East & North Africa,2019,,,,,,,,,1.26,54.0,,,,,
319,Syrian Arab Republic,SYR,Middle East & North Africa,2020,,,,,,,,,1.39,49.0,,,,,
320,Syrian Arab Republic,SYR,Middle East & North Africa,2021,,,,,,,,,1.43,48.0,,,,,
321,Syrian Arab Republic,SYR,Middle East & North Africa,2022,,,,,,,,,,46.0,,,,,
322,Togo,TGO,Sub-Saharan Africa,2009,,,,4.07616663,29.0416832,17.34420013,72.01300049,10.64279652,0.64,78.0,65.24909973,,,,
323,Togo,TGO,Sub-Saharan Africa,2010,32.1,43.9,,4.45493317,31.36204338,25.87260246,68.27921295,5.84817886,0.59,83.0,62.13306808,,,,
324,Togo,TGO,Sub-Saharan Africa,2011,,,,4.55412722,35.2552681,23.522995,68.08689117,8.39011097,0.57,85.0,62.16771317,2.85,2.3,11.12,
325,Togo,TGO,Sub-Saharan Africa,2012,,,,4.80787134,36.26974869,25.14003754,64.67205048,10.18791485,0.64,84.0,59.28656006,,,,
326,Togo,TGO,Sub-Saharan Africa,2013,,,,4.94373512,40.56192398,20.06999588,63.53125381,16.39874649,0.64,84.0,57.86953354,,,,
327,Togo,TGO,Sub-Saharan Africa,2014,48.5,44.6,,5.07998943,43.02396011,20.35354614,64.66252136,14.98392868,0.63,84.0,57.30480576,,,,29.6
328,Togo,TGO,Sub-Saharan Africa,2015,,,,4.95647097,37.41205215,19.02897072,65.43901062,15.53202152,0.65,82.0,57.51215363,4.92,2.42,26.45,
329,Togo,TGO,Sub-Saharan Africa,2016,,,,6.59755707,51.94157028,14.88038445,69.76535034,15.35426712,0.67,82.0,63.22953415,,,,
330,Togo,TGO,Sub-Saharan Africa,2017,39.0,69.4,,6.49392271,52.88779449,16.14229012,68.84172058,15.01598644,0.65,83.0,61.4656601,,,,
331,Togo,TGO,Sub-Saharan Africa,2018,,,,6.08894634,53.81824493,16.74621964,73.74506378,9.50871468,0.65,81.0,64.66403961,,,13.68,
332,Togo,TGO,Sub-Saharan Africa,2019,,,,5.726192,50.15758133,15.077075,75.80754852,9.11537743,0.58,84.0,66.20977783,,,,
333,Togo,TGO,Sub-Saharan Africa,2020,,,,6.03786469,54.17138672,14.74263954,70.16882324,15.0885458,,82.0,64.32513428,,,,
334,Togo,TGO,Sub-Saharan Africa,2021,,,,5.55532026,54.14671707,9.93372917,73.88970184,16.1765728,,83.0,69.00460052,,,,
335,Togo,TGO,Sub-Saharan Africa,2022,,,,,,,,,,82.0,,,,,
336,Uganda,UGA,Sub-Saharan Africa,2009,,,,5.78845549,44.42161942,14.28214169,44.22186279,41.49599457,0.4,79.0,42.84917831,3.18,2.87,16.77,
337,Uganda,UGA,Sub-Saharan Africa,2010,,,,6.80890226,51.96447372,16.11385536,38.75179291,45.13435364,0.5,80.0,37.39066696,,,,
338,Uganda,UGA,Sub-Saharan Africa,2011,78.7,57.4,,6.6959095,55.3051796,13.56997776,36.24131393,50.18870926,,82.0,33.01004791,,,,49.0
339,Uganda,UGA,Sub-Saharan Africa,2012,,,,6.10853958,55.14218903,15.1402874,38.84606934,46.01364136,,83.0,37.51226807,2.95,2.84,15.74,
340,Uganda,UGA,Sub-Saharan Africa,2013,,,,5.78252411,53.0015564,16.84941292,45.71916199,37.431427,,84.0,42.51777649,,,,
341,Uganda,UGA,Sub-Saharan Africa,2014,,,,5.33653069,51.04053879,17.81628418,46.20917511,35.97454071,,85.0,40.14643478,,,,
342,Uganda,UGA,Sub-Saharan Africa,2015,,,,5.0745697,40.15630341,15.15355301,41.92140579,42.92503738,,89.0,39.4708519,,,,
343,Uganda,UGA,Sub-Saharan Africa,2016,71.3,74.2,,4.96169233,39.13254166,15.6786232,43.05947113,41.26190948,,93.0,40.60963821,3.08,2.59,15.27,58.5
344,Uganda,UGA,Sub-Saharan Africa,2017,,,,3.99788952,31.47759247,15.97236347,40.88721466,43.14041901,,94.0,38.08950424,,,,
345,Uganda,UGA,Sub-Saharan Africa,2018,,,,4.02080536,32.99159622,16.77466774,39.71256638,43.51276779,,93.0,35.62893295,,,,
346,Uganda,UGA,Sub-Saharan Africa,2019,,,,3.79834843,33.40487289,15.11674786,42.86341476,42.01983261,,93.0,38.26028442,,,,
347,Uganda,UGA,Sub-Saharan Africa,2020,,,,4.30198574,36.87842941,21.85073853,38.09126282,40.05800629,,89.0,34.00273132,,,,
348,Uganda,UGA,Sub-Saharan Africa,2021,,,,4.67196703,43.44807434,22.53227997,35.01169968,42.45602036,,91.0,31.25317955,,,,
349,Uganda,UGA,Sub-Saharan Africa,2022,,,,,,,,,,89.0,,,,,
350,Yemen,YEM,Middle East & North Africa,2009,,,,5.98619986,62.60401154,21.86180878,75.28743744,2.85074902,0.65,76.0,74.21583557,,,,
351,Yemen,YEM,Middle East & North Africa,2010,,,0.001,5.15932894,64.44327545,22.5256176,75.05466461,2.41971827,0.65,76.0,74.01689911,,,,
352,Yemen,YEM,Middle East & North Africa,2011,,,,4.7695322,61.27024841,22.89780807,73.49134827,3.61084318,0.63,69.0,72.48513031,,,,
353,Yemen,YEM,Middle East & North Africa,2012,,34.4,,5.19593525,70.12895966,23.8901062,72.58866119,3.52123785,0.62,67.0,71.61329651,,,,
354,Yemen,YEM,Middle East & North Africa,2013,34.0,44.7,,4.96083164,74.30075836,19.74684525,75.58663177,4.66652393,0.6,73.0,74.58348083,,,,
355,Yemen,YEM,Middle East & North Africa,2014,,,,4.8418045,75.41601563,16.18166351,77.4370575,6.3812809,0.58,73.0,76.41697693,4.62,4.02,15.83,
356,Yemen,YEM,Middle East & North Africa,2015,,,,4.25285673,63.30020905,10.18244267,82.03337097,7.78418827,0.71,69.0,80.95723724,,,,
357,Yemen,YEM,Middle East & North Africa,2016,,,,,,,,,0.71,71.0,,,,,
358,Yemen,YEM,Middle East & North Africa,2017,,,,,,,,,0.71,68.0,,,,,
359,Yemen,YEM,Middle East & North Africa,2018,,,,,,,,,,65.0,,,,,
360,Yemen,YEM,Middle East & North Africa,2019,,,,,,,,,,73.0,,,,,
361,Yemen,YEM,Middle East & North Africa,2020,,,,,,,,,,72.0,,,,,
362,Yemen,YEM,Middle East & North Africa,2021,,,,,,,,,,72.0,,,,,
363,Yemen,YEM,Middle East & North Africa,2022,,,,,,,,,,74.0,,,,,
